cell_id,group_id,method,kv_dtype,num_spec_tokens,dataset,load,n_runs,TTFT_ms,TPOT_ms,out_tok_s,tot_tok_s,accept_%,accept_len,gpu_mem_MB
baseline_auto__humaneval__b1,baseline_auto,baseline,auto,,humaneval,1,3,14.005596749484539,4.084371457643369,242.3798959225923,396.1174049199544,,,73872.0
baseline_fp8__humaneval__b1,baseline_fp8,baseline,fp8,,humaneval,1,3,16.381765715777874,4.426708844214179,222.30849695809636,367.34519720088116,,,74326.0
ngram_st2_auto__humaneval__b1,ngram_st2_auto,ngram,auto,2,humaneval,1,3,12.967650778591633,4.454737956471304,225.96161499564624,369.7785114040635,28.76258678366702,1.5752033886909165,74098.0
ngram_st2_fp8__humaneval__b1,ngram_st2_fp8,ngram,fp8,2,humaneval,1,3,13.687893748283386,5.138773783384,194.69028520354004,322.27607105639777,35.240854762767114,1.703397707322111,74756.0
ngram_st4_auto__humaneval__b1,ngram_st4_auto,ngram,auto,4,humaneval,1,3,12.040526140481234,4.231258795834055,240.5289734511214,393.70259540227636,18.624700395756303,1.7443103768331167,75266.0
ngram_st4_fp8__humaneval__b1,ngram_st4_fp8,ngram,fp8,4,humaneval,1,3,13.672989793121815,4.9041137967376685,205.6173222010103,340.0477586028344,23.32004583696536,1.9270001946661477,75494.0
ngram_st8_auto__humaneval__b1,ngram_st8_auto,ngram,auto,8,humaneval,1,3,12.126832734793425,3.9642661537662978,254.32200061230287,416.1418724284865,11.05210984861693,1.8785886825327682,77738.0
ngram_st8_fp8__humaneval__b1,ngram_st8_fp8,ngram,fp8,8,humaneval,1,3,13.671695720404387,4.463273062206367,225.9536000565577,373.0640287608785,14.601550899191555,2.153695737192022,79350.0
baseline_auto__humaneval__b8,baseline_auto,baseline,auto,,humaneval,8,3,17.477835062891245,4.1818488097073985,1865.1758246183415,3054.5361408732388,,,73872.0
baseline_fp8__humaneval__b8,baseline_fp8,baseline,fp8,,humaneval,8,3,20.74061008170247,4.466913397624797,1726.0168537122902,2854.0750598394748,,,74326.0
ngram_st2_auto__humaneval__b8,ngram_st2_auto,ngram,auto,2,humaneval,8,3,13.546765316277742,4.828535430939509,1644.2090661837792,2685.9978346440753,28.611803267722465,1.572226495869427,74098.0
ngram_st2_fp8__humaneval__b8,ngram_st2_fp8,ngram,fp8,2,humaneval,8,3,20.416624378412962,6.756388187846716,1166.9006885912627,1922.7507498359141,34.80480890740804,1.6946489434219496,74756.0
ngram_st4_auto__humaneval__b8,ngram_st4_auto,ngram,auto,4,humaneval,8,3,13.156351167708635,4.531222748040569,1765.5074923190198,2888.3093844365403,18.31047427891763,1.7319020911488319,75266.0
ngram_st4_fp8__humaneval__b8,ngram_st4_fp8,ngram,fp8,4,humaneval,8,3,20.889237988740206,6.414397101045823,1237.5985856789252,2045.9850520900286,23.644735033673008,1.9406365944151531,75494.0
ngram_st8_auto__humaneval__b8,ngram_st8_auto,ngram,auto,8,humaneval,8,3,13.515031430870295,4.52247185669109,1766.128720914754,2889.343012922267,10.785993454606855,1.8578142896638887,77738.0
ngram_st8_fp8__humaneval__b8,ngram_st8_fp8,ngram,fp8,8,humaneval,8,3,21.062135696411133,6.050216718900798,1289.3191461639094,2132.4628885568522,14.65995045235571,2.157830802603037,79350.0
baseline_auto__humaneval__b32,baseline_auto,baseline,auto,,humaneval,32,3,53.88961732387543,4.674090726264551,6503.171592153978,10642.155650659348,,,73872.0
baseline_fp8__humaneval__b32,baseline_fp8,baseline,fp8,,humaneval,32,3,54.23370283097029,5.171383782198617,5787.676124037742,9505.41475257228,,,74326.0
ngram_st2_auto__humaneval__b32,ngram_st2_auto,ngram,auto,2,humaneval,32,3,17.03211758285761,6.079648844167298,5016.389633880363,8199.719238602911,28.80125760920463,1.5760058864844977,74132.0
ngram_st2_fp8__humaneval__b32,ngram_st2_fp8,ngram,fp8,2,humaneval,32,3,22.169708274304867,7.571590635195082,3985.0179168768304,6588.7708706132635,35.049354331253134,1.6997411561691114,74756.0
ngram_st4_auto__humaneval__b32,ngram_st4_auto,ngram,auto,4,humaneval,32,3,18.221861217170954,6.11807872157763,4998.8826848376075,8180.943751509791,18.53717827385923,1.7409508974929535,75266.0
ngram_st4_fp8__humaneval__b32,ngram_st4_fp8,ngram,fp8,4,humaneval,32,3,23.738989140838385,7.4576355809090185,4044.926398438563,6697.361400438748,23.869822602556347,1.9504106127605811,75896.0
ngram_st8_auto__humaneval__b32,ngram_st8_auto,ngram,auto,8,humaneval,32,3,21.540394984185696,7.308834237868295,4244.381693164984,6945.61979839311,10.771088288342003,1.85592450744265,78128.0
ngram_st8_fp8__humaneval__b32,ngram_st8_fp8,ngram,fp8,8,humaneval,32,3,25.39122197777033,7.720828496431019,3893.665701801686,6455.874788988075,13.977179015905698,2.103301565690946,79740.0
baseline_auto__sharegpt__b1,baseline_auto,baseline,auto,,sharegpt,1,3,13.42668104916811,4.078445694518878,241.4820468734469,563.4348813663488,,,73872.0
baseline_fp8__sharegpt__b1,baseline_fp8,baseline,fp8,,sharegpt,1,3,15.675523318350315,4.419184593289956,221.46128352159235,515.5793819969767,,,74326.0
ngram_st2_auto__sharegpt__b1,ngram_st2_auto,ngram,auto,2,sharegpt,1,3,11.728030629456043,4.919368681878272,221.81795433947153,528.0020677895044,30.535524920466596,1.6105810008481765,73998.0
ngram_st2_fp8__sharegpt__b1,ngram_st2_fp8,ngram,fp8,2,sharegpt,1,3,13.072385918349028,5.64008727000502,203.3571733734201,473.85539492859004,40.86478315262719,1.815722386972582,74390.0
ngram_st4_auto__sharegpt__b1,ngram_st4_auto,ngram,auto,4,sharegpt,1,3,12.845024932175875,4.679229406335743,239.27089199502106,559.0971123802492,21.467151999060647,1.8566241068290967,74080.0
ngram_st4_fp8__sharegpt__b1,ngram_st4_fp8,ngram,fp8,4,sharegpt,1,3,13.372226152569056,5.363916998140069,227.43178507098222,527.426845305747,28.849639072339116,2.148587501528678,74452.0
ngram_st8_auto__sharegpt__b1,ngram_st8_auto,ngram,auto,8,sharegpt,1,3,11.886769905686378,4.649415691891426,260.0404691960873,613.349752428321,13.76128043589307,2.089438565747793,74174.0
ngram_st8_fp8__sharegpt__b1,ngram_st8_fp8,ngram,fp8,8,sharegpt,1,3,13.43733910471201,5.135630360907978,246.22855668689812,573.4356235060831,18.343348752756043,2.44595147219193,74530.0
baseline_auto__sharegpt__b8,baseline_auto,baseline,auto,,sharegpt,8,3,17.805539071559906,4.222391765903343,1778.4465894833675,4231.588158683099,,,73872.0
baseline_fp8__sharegpt__b8,baseline_fp8,baseline,fp8,,sharegpt,8,3,20.708750002086163,4.513290216712328,1656.9799787824036,3854.6939632249887,,,74326.0
ngram_st2_auto__sharegpt__b8,ngram_st2_auto,ngram,auto,2,sharegpt,8,3,13.849335722625256,5.401520488353876,1600.703931886537,3743.123560772929,32.56478053939714,1.6510201924093457,73998.0
ngram_st2_fp8__sharegpt__b8,ngram_st2_fp8,ngram,fp8,2,sharegpt,8,3,20.559745840728283,7.606869195220267,1193.264001782542,2782.3979604280257,40.96568319732162,1.8178163020207823,74390.0
ngram_st4_auto__sharegpt__b8,ngram_st4_auto,ngram,auto,4,sharegpt,8,3,13.82580865174532,5.28610738400552,1691.3876706784831,3940.611925733808,20.828924695426103,1.8307710857900765,74080.0
ngram_st4_fp8__sharegpt__b8,ngram_st4_fp8,ngram,fp8,4,sharegpt,8,3,20.89528227224946,7.354865635766886,1275.0597845228692,2988.0449802096828,28.565631340721087,2.1357120695004657,74452.0
ngram_st8_auto__sharegpt__b8,ngram_st8_auto,ngram,auto,8,sharegpt,8,3,14.263315126299858,5.440163880561021,1766.1300344076062,4171.921234084629,13.051791365044377,2.0329742945879863,74388.0
ngram_st8_fp8__sharegpt__b8,ngram_st8_fp8,ngram,fp8,8,sharegpt,8,3,21.188249811530113,7.3765708200101345,1323.5568326165296,3087.3629146822964,16.884833388404545,2.329575021682567,74750.0
baseline_auto__sharegpt__b32,baseline_auto,baseline,auto,,sharegpt,32,3,22.83724257722497,5.068092640322536,4790.526667109821,11312.786013979694,,,73872.0
baseline_fp8__sharegpt__b32,baseline_fp8,baseline,fp8,,sharegpt,32,3,27.653438039124012,5.407951253494857,4521.104694033925,10416.13940554522,,,74326.0
ngram_st2_auto__sharegpt__b32,ngram_st2_auto,ngram,auto,2,sharegpt,32,3,17.861586529761553,7.028949094819836,4039.8229941885998,9487.853964525004,32.355682254262376,1.6467590816941537,74098.0
ngram_st2_fp8__sharegpt__b32,ngram_st2_fp8,ngram,fp8,2,sharegpt,32,3,22.13196735829115,8.466242722677908,3598.4860096559582,8327.192260616974,40.97516193196307,1.8183346065699006,74756.0
ngram_st4_auto__sharegpt__b32,ngram_st4_auto,ngram,auto,4,sharegpt,32,3,18.97948933765292,7.018604825305353,4280.585098177529,9975.360115976113,21.38673467874672,1.8534319526627219,75266.0
ngram_st4_fp8__sharegpt__b32,ngram_st4_fp8,ngram,fp8,4,sharegpt,32,3,23.387831170111895,8.70032946113497,3514.320392444014,8158.898600707312,28.578357741895104,2.138360860081022,75494.0
ngram_st8_auto__sharegpt__b32,ngram_st8_auto,ngram,auto,8,sharegpt,32,3,22.128696087747812,8.41670248605762,3691.157182784365,8701.6095468583,12.317578227714963,1.9743889755590223,77738.0
ngram_st8_fp8__sharegpt__b32,ngram_st8_fp8,ngram,fp8,8,sharegpt,32,3,25.48540197312832,8.950714766979218,3816.3875827581237,8867.53410268345,17.1150844812377,2.3480758952431855,79350.0
